timestamp_ms,roll_deg,pitch_deg,yaw_deg,gyro_x_dps,gyro_y_dps,gyro_z_dps,label
0,-2.7882,6.089,1.4957,-5.5492,20.5321,24.6701,0
20,-0.1871,7.5478,3.5508,-1.66,16.8913,13.38,0
40,1.685,11.873,4.9063,9.9524,9.7694,8.911,0
60,0.1353,7.0017,3.2843,2.8549,0.7927,4.321,0
80,0.5064,4.5311,2.1804,-4.8044,7.8542,6.8805,0
100,-1.288,2.0501,1.2621,4.2317,8.4067,8.862,0
120,18.4011,34.2214,23.7665,95.7227,152.3245,153.5498,1
140,0.666,4.3861,2.8055,0.6129,11.1529,12.9073,0
160,1.3357,3.8936,2.233,0.5717,8.375,4.0829,0
180,33.9222,55.776,34.2207,183.7484,243.7109,308.6722,1
200,35.069,57.4022,32.68,166.3552,260.4787,300.796,1
220,11.2897,24.5318,11.5854,97.137,137.9048,130.9024,1
240,0.3808,-1.0056,1.3484,7.4465,6.2982,9.0081,0
260,40.5338,41.5737,36.1562,216.3806,173.9848,244.2336,1
280,25.3771,11.1815,18.0208,202.28,127.97,197.6859,1
300,29.9072,12.7996,15.943,257.2356,161.8371,242.7509,1
320,0.3584,2.4917,2.6927,11.4837,4.4283,16.7467,0
340,3.3948,0.9966,2.4551,17.1559,5.1809,12.3828,0
360,38.7492,31.1343,25.3867,236.0633,166.8244,245.1197,1
380,10.8545,8.05,6.8444,11.2236,9.2428,21.8895,0
400,13.836,4.634,7.8784,15.2419,-2.5407,13.7623,0
420,13.1403,4.4899,6.2691,6.9755,14.4335,6.1036,0
440,12.4356,4.4776,6.7275,1.2284,3.803,3.4942,0
460,31.2233,11.1985,21.1894,126.2762,56.2709,104.8701,1
480,14.7477,4.953,8.0416,-0.9721,-3.7034,6.4655,0
500,75.5798,-4.766,48.545,163.9562,-0.7849,108.559,1
520,13.8997,-0.2433,6.7638,10.9087,7.7132,0.5576,0
540,7.2048,1.11,4.8264,16.7883,3.9066,15.8241,0
560,13.8291,-0.5698,8.2834,13.9351,6.5716,13.4876,0
580,1.641,0.9617,1.8704,6.2458,-6.7421,5.5745,0
600,3.1538,-2.6465,1.6944,7.8666,0.69,11.2952,0
620,15.1532,0.5826,8.3942,5.7233,4.3987,2.6258,0
640,5.4888,0.5488,2.1662,6.2547,5.6327,1.4745,0
660,13.2592,-4.4754,8.0034,14.7706,-5.3752,-5.1554,0
680,9.4118,-6.1981,6.0918,3.1796,0.9856,1.8583,0
700,83.2814,-37.7182,52.2702,125.5841,-114.3867,96.5829,1
720,8.4389,-3.8018,5.3197,-8.3307,-2.9887,3.6063,0
740,11.6012,-2.0521,7.6221,13.3956,-8.368,3.9785,0
760,41.8872,-24.5764,26.8093,129.8585,-318.3388,78.4032,1
780,13.9885,-5.3129,6.4335,13.755,-8.0457,9.576,0
800,5.476,-23.5009,36.6945,91.9601,-84.5345,54.619,1
820,6.4617,-4.1833,3.6199,-0.8083,-2.9483,1.0485,0
840,70.5915,-45.0827,45.1398,30.2201,-148.9336,0.3487,1
860,6.0056,-1.9475,3.6354,5.3495,-9.3695,1.5247,0
880,55.4501,-48.0388,36.0932,-45.8694,-175.4812,-36.1097,1
900,4.6819,-3.8115,3.8104,2.4802,-12.612,-3.625,0
920,9.2974,-10.8032,7.7384,-0.8038,-17.1532,-4.7196,0
940,0.8172,-1.4411,1.4142,5.5602,-16.1977,-3.2326,0
960,46.8676,-57.4792,36.6856,-70.1867,-231.1272,-65.9692,1
980,7.1747,-11.827,6.362,-6.498,-15.9051,-5.2532,0
1000,23.4831,-37.1953,18.5685,-70.1837,-116.567,-70.9497,1
1020,1.4065,-9.3984,4.5276,-13.9227,-12.7729,0.419,0
1040,3.4671,-5.597,2.7781,-22.0829,-26.0044,-15.29,0
1060,4.4437,-7.0019,3.0624,-11.0268,-16.5726,-8.4992,0
1080,1.1392,-2.1884,-0.2591,-1.0429,-4.6876,-5.4933,0
1100,4.9379,-11.5728,5.6875,3.5459,-6.7959,-11.1332,0
1120,27.5689,-61.8528,31.6034,-118.5569,-185.2595,-126.709,1
1140,-0.6682,-4.1289,1.9612,2.7171,-6.7082,3.0305,0
1160,11.8624,-31.5571,11.2621,-110.6278,-143.539,-92.668,1
1180,7.3035,-34.0004,15.2903,-288.658,-278.4793,-206.6843,1
1200,12.242,-42.3784,138.0287,-274.657,-317.4118,-196.2138,1
1220,0.9181,-8.2156,2.3345,-7.5896,-5.7924,1.3894,0
1240,-4.6637,-22.2536,10.6372,-136.2919,-142.5018,-108.127,1
1260,-0.2127,-44.1159,19.3847,-168.8363,-221.7604,-178.3314,1
1280,-0.3438,-32.3457,16.6388,-218.7544,-244.6066,-175.0898,1
1300,-1.0171,-1.7593,2.6155,-13.3133,-14.2968,-17.3492,0
1320,-23.5268,-43.9103,19.6874,-247.1603,-164.8469,-186.4628,1
1340,-7.8188,-21.0269,14.8368,-105.9759,-24.1166,-100.9851,1
1360,-5.9133,-6.902,3.045,-0.8503,-1.5544,-5.3724,0
1380,-17.8883,-15.7014,9.0558,-188.6201,-142.8805,-196.8188,1
1400,-2.7672,-4.6345,1.1699,-19.0178,-15.9035,-21.5567,0
1420,-2.2577,-3.3001,0.5988,-8.2284,0.9051,-10.6771,0
1440,-3.9274,-7.8103,2.4254,-9.9433,-16.1403,-18.0695,0
1460,-7.7898,-2.1631,1.6186,4.5169,-1.9882,-2.3495,0
1480,-36.6952,39.0637,10.2092,-192.2063,-121.3746,-220.0321,1
1500,-4.0412,0.0018,-0.781,-5.8975,-4.7197,-6.0272,0
1520,-41.0924,-15.0153,5.1442,-269.6662,-166.3561,-320.3714,1
1540,-9.531,-6.9815,0.3693,-5.208,-3.4195,-3.8436,0
1560,-26.1892,-8.1409,2.0258,-186.4135,-94.5288,-265.3072,1
1580,-66.9672,0.5263,0.6858,-79.1532,-13.999,-107.7898,1
1600,-41.7499,-11.9935,3.034,-118.5509,-40.9954,-154.2248,1
1620,-0.3568,0.1593,0.4962,-9.1176,-2.3793,-3.9114,0
1640,-63.9525,-1.9328,0.184,-153.4437,-37.7906,-262.6712,1
1660,-67.0354,36.1393,-0.726,-70.6421,-8.533,-140.5994,1
1680,-4.4555,-0.3273,0.2037,0.4287,-4.8974,-7.6883,0
1700,-12.3045,3.481,-0.9528,0.361,4.7705,-18.0878,0
1720,-10.464,4.4321,0.0119,1.256,1.5983,-19.7979,0
1740,-9.1144,2.0043,-0.6443,-2.0499,3.9129,-14.0612,0
1760,-10.5333,0.158,-1.7512,-4.7451,0.1964,-3.2577,0
1780,-38.7081,3.0405,-5.5233,-101.7847,82.3405,-284.4357,1
1800,-1.9987,1.3354,0.2935,-2.6243,8.1933,-9.966,0
1820,-7.1583,3.5909,-2.4843,2.7006,5.5283,1.5917,0
1840,-3.9693,1.5017,0.3855,-1.5822,7.2751,-12.442,0
1860,-46.8806,13.7001,105.3585,-17.6494,65.0274,-272.3426,1
1880,-1.9011,0.4978,-1.5435,-4.9855,5.0904,-6.8187,0
1900,-6.8071,7.2207,-2.3767,15.3945,17.7562,-6.805,0
1920,-3.362,0.3496,0.4845,10.7558,14.3545,-9.1393,0
1940,-14.8249,7.5873,-4.2012,3.9684,3.3798,-8.9474,0
1960,-1.813,-1.2496,-1.1185,7.1673,8.1909,-9.8385,0
1980,-11.7186,9.747,-5.8053,-1.9821,4.5057,-5.786,0
2000,-29.4026,27.2864,-11.8935,95.9182,117.2952,-58.3921,1
2020,-13.2857,8.8598,-6.1148,-0.2066,13.1646,5.2509,0
2040,-33.2094,21.0369,-14.7697,143.9242,170.1302,-122.6922,1
2060,-63.5499,39.0333,-18.714,125.4033,126.2789,-85.0036,1
2080,-2.8789,2.8525,-1.5421,0.2283,3.8081,-2.0007,0
2100,-63.6634,56.3791,-25.8609,119.1883,89.7277,-99.083,1
2120,-1.6424,3.0443,-2.0363,26.7837,27.1916,-7.3264,0
2140,-10.4208,10.7111,-6.4604,8.7941,10.8519,0.0042,0
2160,-57.6766,61.6899,-35.7836,175.7995,199.3569,-83.1692,1
2180,-5.3043,6.2728,-2.1951,13.8985,19.5833,-3.6238,0
2200,-34.0232,49.1243,-29.1389,254.4094,249.2875,-10.322,1
2220,-0.9571,2.042,-2.2701,-4.0822,7.1173,-0.0191,0
2240,-3.4376,4.2466,-3.3544,8.4962,17.9718,3.0457,0
2260,-8.9135,10.8582,-6.9015,5.707,-2.9969,-3.0287,0
2280,-3.7489,5.2149,-3.1185,12.9803,5.0312,2.4003,0
2300,-8.1202,8.9749,-5.1806,8.0488,0.5768,-0.1665,0
2320,-55.4151,41.451,-24.2911,191.7465,223.0729,15.1428,1
2340,-4.367,10.8097,-9.1446,10.9964,4.2688,3.8709,0
2360,-1.4682,1.9213,-1.1406,10.9332,22.6797,3.3965,0
2380,-26.1354,55.1294,-46.6381,122.2865,167.0102,67.1589,1
2400,-4.5227,9.3395,-9.6595,23.8658,31.0263,4.0079,0
2420,-2.5753,3.6407,-2.7592,24.8678,22.8925,6.932,0
2440,-2.2889,3.8304,-2.3468,4.4467,1.9439,2.5555,0
2460,-3.0021,8.4077,-5.1654,27.7265,27.9677,10.9017,0
2480,0.9368,2.7197,-1.7004,9.3518,7.549,1.8813,0
2500,-14.2323,25.1561,-30.4385,135.7046,229.3084,86.2952,1
2520,-0.6607,4.556,-5.0084,20.784,17.3752,17.4409,0
2540,0.5194,2.116,-2.936,5.3539,6.5976,8.1564,0
2560,3.3893,23.2202,-120.3465,83.253,68.7036,78.6555,1
2580,-0.2868,5.1044,-7.2899,2.1804,7.3547,3.8287,0
2600,1.4911,-0.7523,-1.6788,0.501,14.3946,13.5778,0
2620,1.4742,2.2476,-3.69,6.9308,-1.6285,-0.2698,0
2640,5.1647,-1.6142,-9.0233,-1.0577,4.4192,16.5105,0
2660,10.5033,8.6443,-20.305,67.858,104.5207,177.8461,1
2680,5.0687,3.5399,-8.5877,-5.5504,4.7249,14.6736,0
2700,11.1471,2.3635,-25.1066,17.5074,91.7803,142.0902,1
2720,23.3072,7.762,-37.6349,-18.3031,107.5597,188.5229,1
2740,4.9281,-0.2627,-6.8945,-1.17,2.9781,-0.3616,0
2760,5.2518,-0.8101,-8.3151,-1.0977,-0.5067,6.8051,0
2780,4.7848,-0.2312,-2.9401,-11.814,0.3194,19.2829,0
2800,41.8924,-5.3097,-42.1453,-93.0325,93.8247,360.2495,1
2820,2.5873,-0.2648,0.0783,-13.1792,6.1911,8.0549,0
2840,3.8009,0.4607,-4.6087,-2.0048,4.0551,17.1805,0
2860,6.9236,-1.9856,-7.6341,-0.0504,1.3252,9.4389,0
2880,1.8766,-1.2019,-3.9179,-9.9475,-1.0769,30.1718,0
2900,7.8855,-2.4708,-5.6312,-11.8538,0.737,11.8674,0
2920,5.2509,-3.1826,-3.03,-16.8656,-7.2835,12.2325,0
2940,1.2384,0.3269,-1.4188,-14.0046,-5.8628,11.192,0
2960,50.0824,-27.0422,-31.4976,-161.5,-71.214,235.1232,1
2980,7.4647,-5.7725,-4.9119,-12.9002,-3.8983,7.1099,0
3000,30.4731,-11.1411,-16.1574,-98.2442,-42.9825,121.7807,1
3020,13.2732,-8.188,-7.3405,-15.7028,-11.4001,15.7505,0
3040,38.4999,-29.5053,-17.1881,-254.1289,-128.5081,232.2177,1
3060,68.0872,-43.7568,-25.2879,-202.8165,-186.3601,170.0138,1
3080,38.166,-26.4354,-18.092,-242.6534,-89.9893,253.6392,1
3100,8.7083,-7.8576,-4.8367,-14.563,-3.82,22.8612,0
3120,3.923,-2.6022,-3.1453,-4.5997,-3.0144,2.8633,0
3140,3.014,-2.5625,-2.8011,-9.9578,-8.8884,10.8097,0
3160,16.1635,-11.9496,-5.7416,-1.4489,-1.5132,3.8065,0
3180,15.4106,-11.0347,-3.2943,-9.9599,-6.7636,8.5222,0
3200,46.5934,-36.8961,-11.4175,-175.0762,-199.8855,201.5468,1
3220,112.3598,-54.5345,-24.8723,-156.3141,-128.2711,134.2755,1
3240,7.5071,-5.9764,-2.1253,-2.0939,-6.6073,5.0009,0
3260,51.5211,-49.667,22.2036,-191.9909,-287.1852,194.8476,1
3280,10.1546,-7.4103,-2.9541,-20.0445,-27.5148,12.0425,0
3300,44.5929,-38.9638,-9.1113,-127.1203,-156.4528,202.9054,1
3320,14.3934,-15.0075,-3.2273,-0.4471,-7.8724,-1.9417,0
3340,56.6673,-56.5053,-17.0864,-198.1625,-259.292,148.9477,1
3360,9.1629,-10.1332,-3.1455,-12.5725,-9.0863,1.4277,0
3380,1.7633,-0.5439,-0.5929,-2.8129,-12.1626,0.6187,0
3400,9.674,-9.8019,-2.2904,-10.7789,-18.5835,5.8347,0
3420,34.1045,-34.0099,-58.6028,-63.8971,-170.0843,94.4474,1
3440,4.0748,-5.1959,-0.6052,-10.8526,-19.1701,1.8431,0
3460,9.8607,-9.379,-0.9083,-3.1268,5.623,-0.6912,0
3480,4.5381,-6.2173,0.9433,2.009,-9.1457,8.0585,0
3500,2.0262,-2.7061,0.1882,-0.4405,-5.3393,-0.8789,0
3520,27.4987,-37.0186,-53.3539,-78.5776,-278.7528,115.0415,1
3540,2.9916,-0.386,-0.7631,-8.4335,-15.087,6.1573,0
3560,44.1698,-35.2762,0.9723,-6.386,-141.4756,-1.6308,1
3580,6.7855,-8.3073,1.1463,-0.2718,-2.9304,0.1169,0
3600,17.4988,-24.5835,-1.2096,-81.865,-177.453,27.6526,1
3620,4.863,-6.4166,1.1781,5.0833,-17.5902,4.7208,0
3640,7.9813,-6.6293,-1.1646,-3.5582,-8.9756,1.2433,0
3660,4.0454,-3.8778,1.3664,1.9921,-6.7495,-0.3216,0
3680,1.5163,-2.7294,0.5135,3.8886,-14.3427,8.9517,0
3700,-0.5482,-0.4911,0.8484,6.691,-6.745,-0.1905,0
3720,3.1588,-4.3092,0.388,-0.9933,-5.7264,-1.5363,0
3740,-0.2181,0.437,1.4273,2.7025,-1.5244,-5.8868,0
3760,-1.8616,-69.2913,11.6138,261.0082,-165.7728,-121.7546,1
3780,0.1968,0.4994,0.6279,18.6032,-6.0994,-12.4463,0
3800,2.3729,-0.9448,3.0625,2.9535,-10.5994,-2.7603,0
3820,-1.294,-0.7435,0.772,6.3822,-2.1636,1.4344,0
3840,-1.1949,1.118,4.7637,13.5148,-7.3555,-3.2283,0
3860,-3.2764,1.1925,1.9459,16.4157,-6.8556,-11.2798,0
3880,-16.3096,-111.7546,17.3177,158.4297,-105.6484,-91.7626,1
3900,-3.3264,-0.7031,2.5223,9.4898,-7.139,-2.801,0
3920,-2.8092,2.9456,3.2185,-1.3649,-4.9518,-4.4728,0
3940,-31.1682,15.4786,68.2032,129.7605,2.1749,-84.3899,1
3960,-20.9892,16.6908,22.3457,221.4896,-26.7216,-96.0898,1
3980,-11.7663,13.1112,20.0035,192.6821,-30.3361,-104.1093,1
4000,-2.4747,3.1217,3.5762,19.1125,5.5608,-12.4927,0
4020,-6.4282,4.7495,5.4408,11.4981,0.0519,-14.4227,0
4040,-56.465,35.7997,35.1544,188.7193,30.9009,-151.703,1
4060,-59.618,39.7651,118.4817,132.8623,39.8203,-140.4829,1
4080,-7.4953,6.0249,6.1618,34.1034,9.4229,-25.1506,0
4100,-6.4397,3.6231,4.5722,2.0566,0.1004,-5.5514,0
4120,-64.4494,50.8945,38.3195,196.3224,59.3149,-187.5789,1
4140,-10.7537,7.4146,3.6608,14.0703,3.4749,-18.1482,0
4160,-40.3459,35.9935,24.2466,200.296,97.5672,-222.8563,1
4180,-10.5877,8.0857,6.4933,1.5361,-0.7668,-1.7555,0
4200,-9.127,8.3954,7.3632,8.0278,3.7223,-2.1999,0
4220,-48.1751,33.0914,26.5575,198.3791,170.1294,-251.5008,1
4240,-4.0382,3.5436,2.7441,14.9063,6.7477,-15.0278,0
4260,-10.5638,4.8222,3.8419,5.6903,8.6451,-18.9949,0
4280,-3.9537,2.7467,1.9552,5.768,6.4094,-9.6923,0
4300,-7.1456,6.6229,5.6215,14.8954,10.4587,-18.4262,0
4320,-7.4292,6.8052,3.7316,6.5875,2.0329,-2.1274,0
4340,-9.9674,8.7738,6.9997,8.2993,18.5048,-12.269,0
4360,-6.362,7.0105,5.5024,8.7629,6.7416,-12.572,0
4380,-9.3906,5.4081,6.965,5.971,16.9325,-19.5743,0
4400,-36.6906,28.8061,24.993,17.6589,165.3901,-185.0543,1
4420,-7.6658,5.2332,5.8934,-5.4993,16.3541,-21.3087,0
4440,-15.8068,11.4244,8.9648,10.7473,16.1553,-16.1162,0
4460,-3.864,1.6447,3.0093,12.3245,24.2235,-16.5377,0
4480,-8.7442,9.3675,5.4568,4.4376,11.0614,-10.0202,0
4500,-4.246,2.9161,4.9443,-3.4562,28.4805,-29.6949,0
4520,-15.3965,12.9718,8.8168,2.0337,15.3872,-14.493,0
4540,-12.6067,9.6818,8.3417,-8.1203,1.5173,-3.9345,0
4560,-9.6382,8.452,7.4474,-6.374,19.4318,-5.9846,0
4580,-4.4263,4.4392,3.8572,-6.2647,18.7113,-14.8223,0
4600,-5.7434,5.0818,6.6241,-8.9309,15.0487,-1.8246,0
4620,-38.1952,26.3104,25.95,-72.1479,139.6762,-156.227,1
4640,-9.2665,5.2507,7.8993,2.6259,2.4035,-1.285,0
4660,-49.6162,40.9265,34.1154,-81.6267,223.6359,-255.2638,1
4680,-46.6905,31.076,41.5177,-158.9875,193.9977,-131.554,1
4700,-34.8512,85.3918,19.1645,-112.5994,168.3128,-131.3235,1
4720,-8.2314,4.8919,6.1365,-9.3726,4.9158,-5.6879,0
4740,-13.0436,6.488,10.1423,-10.4499,13.6555,-12.4121,0
4760,-8.5881,5.2791,5.8456,-10.3713,25.6962,-12.0053,0
4780,-23.3893,9.0752,17.8475,-201.3346,311.8545,-209.9523,1
4800,-10.6922,3.8258,10.18,-10.0237,17.5289,-6.3759,0
4820,-5.0579,2.3662,6.1383,-13.9998,15.0763,-8.6803,0
4840,-2.2814,0.4121,2.0304,1.3296,3.4236,-5.6307,0
4860,-3.5645,1.7851,3.3746,-16.7882,15.8814,-3.8931,0
4880,-5.2607,0.1352,7.0738,-5.0611,0.7975,-3.5792,0
4900,-10.8521,-0.812,19.6529,-137.8488,88.0895,25.9644,1
4920,-7.1254,2.1108,7.9257,-4.314,5.4272,2.1584,0
4940,-1.3041,-3.2511,4.1077,-12.4236,6.8156,2.889,0
4960,2.3612,-7.465,18.5512,-211.9807,70.6033,-53.9923,1
4980,0.3375,-0.1729,3.5223,-25.6793,7.1812,-9.1177,0
5000,-1.3705,-7.3655,12.0974,-224.8482,74.3584,19.7525,1
5020,-3.6912,-16.0176,29.7116,-195.5621,52.4417,-34.3544,1
5040,7.4996,-19.4007,22.1406,-152.2054,56.2442,0.3962,1
5060,1.9284,-2.2146,5.6164,-14.1445,0.1005,5.0999,0
5080,1.9615,-0.7729,1.3515,-20.8115,-0.7399,0.5582,0
5100,-1.919,0.6373,0.6383,-22.3232,11.2975,5.417,0
5120,2.1674,-1.9672,2.636,-24.1492,2.2186,4.7704,0
5140,1.3546,-1.0195,1.9908,-9.5435,2.9402,-2.1944,0
5160,15.159,-19.3852,129.6727,-225.4409,-43.6703,98.0066,1
5180,7.3076,-7.0336,2.7327,-12.314,-5.7879,6.89,0
5200,13.8982,-131.8245,12.1483,-175.8536,-28.5129,96.9228,1
5220,2.45,-5.7129,3.0964,-15.4279,5.125,7.8978,0
5240,7.3839,-7.4409,1.4139,-7.8123,4.5804,3.8653,0
5260,29.7682,-39.8967,8.4438,-28.4564,-65.1642,63.7538,1
5280,53.3232,-55.426,13.6591,-114.0362,-80.353,92.8066,1
5300,34.4488,58.3434,6.6394,-44.6426,-67.3487,62.6908,1
5320,1.6506,0.7787,-0.3152,-1.6836,-5.2418,1.521,0
5340,8.6639,-9.5236,1.4573,-4.6932,-0.4624,-0.5246,0
5360,4.7827,-2.8298,0.5004,-6.102,-17.9983,25.7671,0
5380,12.6958,-13.1594,1.1582,9.1865,-15.5608,15.9835,0
5400,4.7951,-1.9853,1.3867,-0.3213,-0.7214,1.7195,0
5420,50.5904,-45.2542,5.8421,24.8238,-182.1406,203.0013,1
5440,10.6648,-12.6339,2.7785,4.024,-0.4324,10.7646,0
5460,57.8033,-55.0371,6.7964,17.76,-75.6802,110.6001,1
5480,6.7185,-3.401,-1.0819,1.635,-12.136,14.442,0
5500,42.8275,-41.007,-3.9319,113.9612,-185.5282,214.6325,1
5520,15.1269,-13.2902,-1.594,1.5545,-6.21,11.2877,0
5540,58.2746,-56.0376,-1.2285,43.249,-123.8333,142.2671,1
5560,10.937,-7.8784,-0.3958,11.6075,-18.9839,22.1092,0
5580,34.152,-26.6736,-1.6304,134.3316,-224.2168,280.0207,1
5600,10.9816,-10.6406,-0.436,8.1201,-16.3593,8.8044,0
5620,3.3854,-0.7371,0.4562,19.5539,-26.9415,27.6375,0
5640,23.6163,-15.7279,-4.9123,220.6829,-232.1276,204.4765,1
5660,28.2129,-95.6969,-6.9441,129.8634,-135.9354,147.9115,1
5680,12.4777,-10.6124,-3.0301,19.5123,-27.2559,15.5612,0
5700,7.3139,-4.4265,-2.4975,20.4985,-20.7779,14.8589,0
5720,3.7694,-1.6539,-0.4973,11.3922,-15.7745,18.4025,0
5740,14.793,-6.03,-5.3131,10.0266,-13.4718,14.345,0
5760,33.3047,-19.7032,-4.6087,329.1684,-324.3636,320.4135,1
5780,13.8065,-9.8213,-3.6536,18.3054,-20.1756,18.1162,0
5800,46.7633,-21.4835,-13.1105,256.4314,-274.9405,281.7393,1
5820,69.431,-39.01,-26.0597,391.7001,-342.5603,343.7321,1
5840,-90.1146,-12.5837,-9.7415,211.4788,-248.1219,223.7086,1
5860,14.4296,-4.1957,-5.6968,10.1491,-7.5953,6.1825,0
5880,3.4812,-1.1425,-1.428,9.8618,-13.3585,5.6558,0
5900,9.6886,-3.8848,-5.333,18.7592,-8.5609,11.5955,0
5920,7.5079,-1.1699,-3.4032,6.9458,-0.5935,6.3123,0
5940,8.3427,-0.0273,-3.6061,14.9707,-16.3797,17.4416,0
5960,8.8847,-1.5024,-3.6182,15.8974,-6.6224,8.1242,0
5980,1.1731,-0.234,-2.384,9.6826,1.9315,9.7078,0
6000,35.2639,7.6924,-33.2929,78.2485,-100.4874,117.2949,1
6020,49.382,0.6535,-32.0669,226.3051,-199.5394,210.4167,1
6040,5.0513,2.9239,-3.4927,10.0076,-4.6231,9.0556,0
6060,31.1418,3.2104,-18.6633,271.7123,-120.2855,161.1752,1
6080,4.4751,-0.4572,-2.8174,6.4002,-12.3484,17.0732,0
6100,7.29,1.8356,-6.3366,10.8298,-11.053,13.8526,0
6120,12.3611,93.0127,-15.4832,112.4054,-75.0497,140.0251,1
6140,17.0199,18.0086,-28.9338,126.8387,-86.8713,208.3581,1
6160,5.1344,2.0792,-5.1714,4.5205,0.009,0.2257,0
6180,31.1874,22.8431,-40.1329,27.9776,-58.1009,129.4251,1
6200,0.7657,-0.3504,-0.5433,8.9495,-0.261,3.8341,0
6220,0.7377,2.5508,-2.415,10.5689,-0.8674,4.479,0
6240,1.9891,3.8253,-3.0491,9.3242,-2.4818,9.1807,0
6260,-0.7078,0.625,-1.7178,-5.2614,1.7565,12.3367,0
6280,-2.0808,23.1449,-21.1756,41.7688,-6.7502,64.2972,1
6300,-1.4719,6.8556,-7.8351,2.5516,3.1472,0.3613,0
6320,-22.7184,52.5231,-41.7967,-92.7749,91.547,72.0286,1
6340,1.6908,1.8124,-2.4522,-1.7644,3.0467,0.4053,0
6360,-16.5307,38.6375,-84.9149,-50.7976,54.6591,15.472,1
6380,-21.5541,51.7004,-46.3877,-80.0379,50.0675,26.8231,1
